{
  "num_iterations": 100,
  "mock_response_time": 0.05,
  "latencies": [
    0.05008172100019692,
    0.0500999349999347,
    0.050077173000090625,
    0.05008493000013914,
    0.050083751000101984,
    0.05008050800006458,
    0.05008358899999621,
    0.05008299500013891,
    0.05009541499998704,
    0.05008012600001166,
    0.050095625000039945,
    0.05012160700016466,
    0.05008494699995936,
    0.05013634300007652,
    0.050092239999912636,
    0.050091979999933756,
    0.05009321100010311,
    0.050085881000086374,
    0.05008604899990132,
    0.050086409999948955,
    0.050078047999932096,
    0.05009595599995009,
    0.05007171800002652,
    0.05008266699996966,
    0.050073438000026727,
    0.050092009000081816,
    0.05009597600019333,
    0.05010396100010439,
    0.05008262299998023,
    0.0500775570001224,
    0.05010468299997228,
    0.05010520699988774,
    0.050103530999876966,
    0.0500850089999858,
    0.050078944999995656,
    0.05008544699990125,
    0.05009237700005542,
    0.05007653899997422,
    0.05011861399998452,
    0.050092973000118945,
    0.05009284099992328,
    0.05008588900000177,
    0.050075559000106296,
    0.05008893200010789,
    0.05007581599988953,
    0.05007183200018517,
    0.0500827500000014,
    0.050074748000042746,
    0.05007981700009623,
    0.050072932999910336,
    0.050104754000130924,
    0.05015113000013116,
    0.0501042100001996,
    0.05008303399995384,
    0.0500825309998163,
    0.05009248999999727,
    0.05010891000006268,
    0.05009963199995582,
    0.050103140999908646,
    0.05008218800003306,
    0.05012338799997451,
    0.0501277860000755,
    0.05007196900010058,
    0.05009707700014587,
    0.05008285799999612,
    0.050077972000053705,
    0.05008834399995976,
    0.05008533299996998,
    0.05008583199992245,
    0.05008681499998602,
    0.050074477999942246,
    0.05008188900001187,
    0.050089904000060415,
    0.05007628900011696,
    0.050080546999879516,
    0.05008530800000699,
    0.05007769999997436,
    0.05008184899998014,
    0.050070261999962895,
    0.05007875799992689,
    0.05008537799994883,
    0.050084485999832395,
    0.05007856499992158,
    0.050074427000026844,
    0.05008833299984872,
    0.050080406000006406,
    0.05009390999998686,
    0.05008765200000198,
    0.0500758200000746,
    0.05007685400005357,
    0.05007375700006378,
    0.050083953000012116,
    0.05012130199997955,
    0.05008152899995366,
    0.05008235199989031,
    0.050100232999966465,
    0.05010020600002463,
    0.05009440000003451,
    0.050080558999979985,
    0.050097509999886825
  ],
  "mean": 0.050089008410009225,
  "median": 0.050085158499996396,
  "stdev": 1.4415138591048506e-05,
  "min": 0.050070261999962895,
  "max": 0.05015113000013116,
  "p95": 0.050121317249988806,
  "p99": 0.05013649087007707
}